EQUIP_ID,YEAR,MAKE,MODEL,DESCRIPTION,DEPT,SALE_PRICE,SALE_DATE,SOLD_BY
33294,2003,CHEVROLET,ASTRO,MINIVAN K-9,SPD,4550.09,,BIDADOO ONLINE AUCTION
03015,2000,CHEVROLET,G3500,CARGO VAN - HVAC,FAS,6600.00,,MURPHYS AUCTION
34550,2003,CHEVROLET,S10,COMPACT PICKUP,SPU,3355.00,,BIDADOO ONLINE AUCTION
7019,1991,YALE,FORKLIFT,FORKLIFT,CEN,5101.00,,BIDADOO ONLINE AUCTION
80393,1993,BUTLER,TRAILER,TRAILER,SFD,2800.00,,MURPHYS AUCTION
21294,2002,DODGE,NEON,SUBCOMPACT SEDAN,DPR,3450.00,,BIDADOO ONLINE AUCTION
21257,2002,DODGE,NEON,SUBCOMPACT SEDAN,SFD,2900.00,,BIDADOO ONLINE AUCTION
11516,2001,PLYMOUTH,NEON,SEDAN SUBCOMPACT,SPU,4281.59,,BIDADOO ONLINE AUCTION
36589,2003,FORD NEW HOLLAND,TS110,TRACTOR - BRUSHCUTTER FLAIL - 4X4,SPU,18000.00,,MURPHYS AUCTION
31757,2011,FORD,CROWN VICTORIA,PATROL CAR,SPD,500.00,,MURPHYS AUCTION
99244,2009,FORD,CROWN VICTORIA,PATROL CAR,SPD,350.00,,BIDADOO ONLINE AUCTION
99236,2009,FORD,CROWN VICTORIA,PATROL CAR,SPD,2042.56,,BIDADOO ONLINE AUCTION
79926,2007,FORD,CROWN VICTORIA,PATROL CAR,SPD,2600.00,,MURPHYS AUCTION
89130,2008,FORD,CROWN VICTORIA,PATROL CAR,SPD,900.00,,MURPHYS AUCTION
89122,2008,FORD,CROWN VICTORIA,PATROL CAR,SPD,1650.00,,BIDADOO ONLINE AUCTION
69910,2006,FORD,CROWN VICTORIA,PATROL CAR TRAINING,SPD,2325.00,,BIDADOO ONLINE AUCTION
69907,2006,FORD,CROWN VICTORIA,PATROL CAR,SPD,1900.00,,MURPHYS AUCTION
39626,2003,FORD,CROWN VICTORIA,FULLSIZE SEDAN,SPD,2100.00,,BIDADOO ONLINE AUCTION
79976,2007,FORD,CROWN VICTORIA,PATROL CAR,SPD,2400.00,,MURPHYS AUCTION
79985,2007,FORD,CROWN VICTORIA,PATROL CAR,SPD,2205.00,,BIDADOO ONLINE AUCTION
89187,2008,FORD,CROWN VICTORIA,PATROL CAR,SPD,1690.00,,BIDADOO ONLINE AUCTION
89184,2008,FORD,CROWN VICTORIA,PATROL CAR,SPD,2275.00,,BIDADOO ONLINE AUCTION
80202,2000,FORD,E350,PASSENGER VAN,DPR,4152.00,,BIDADOO ONLINE AUCTION
34644,2003,FORD,F250,PICKUP,SPU,6100.00,,BIDADOO ONLINE AUCTION
23316,2002,FORD,F250,PICKUP - CREW CAB,DPR,5100.00,,BIDADOO ONLINE AUCTION
54602,2005,FORD,F250,PICKUP,SPU,13500.00,,MURPHYS AUCTION
82467,2001,FORD,F250,PICKUP,DPR,6322.26,,BIDADOO ONLINE AUCTION
43594,2004,FORD,F250,PICKUP,SDOT,6510.00,,MURPHYS AUCTION
03303,2000,FORD,F250,PICKUP,DPR,5600.00,,MURPHYS AUCTION
13606,2001,FORD,F350,PICKUP - SERVICE BODY - 4X4,SPU,20020.00,,MURPHYS AUCTION
53254,2005,FORD,F350,PICKUP - ANIMAL CONTROL BODY,FAS,6600.00,,BIDADOO ONLINE AUCTION
44667,2004,FORD,F350,PICKUP - SERVICE BODY,SPU,17500.00,,MURPHYS AUCTION
74547,2007,FORD,RANGER,COMPACT PICKUP,SPU,6600.00,,MURPHYS AUCTION
13889,2001,GMC,SONOMA,COMPACT PICKUP,DPR,2200.00,,MURPHYS AUCTION
23719,2002,GMC,SONOMA,PICKUP COMPACT,SDOT,5250.00,,MURPHYS AUCTION
53767,2005,CHEVROLET,SUBURBAN K1500,SUV FULLSIZE - 4X4,SFD,6400.00,,MURPHYS AUCTION
87619,2008,HARLEY-DAVIDSON,FLHPI ROAD KING,POLICE MOTORCYCLE,SPD,6600.00,,BIDADOO ONLINE AUCTION
97637,2009,HARLEY-DAVIDSON,FLHPI ROAD KING,POLICE MOTORCYCLE,SPD,7500.00,,BIDADOO ONLINE AUCTION
97626,2009,HARLEY-DAVIDSON,FLHPI ROAD KING,POLICE MOTORCYCLE,SPD,7300.00,,BIDADOO ONLINE AUCTION
05571,2000,KENWORTH,T800B,TRUCK - 12 YD DUMP - CLASS 8,SDOT,31100.00,,BIDADOO ONLINE AUCTION
05569,2000,KENWORTH,T800B,TRUCK - 12 YD DUMP - CLASS 8,SDOT,45000.00,,MURPHYS AUCTION
26593,2002,PETERBILT,330,TRUCK - DUMPING FLATBED - CLASS 6,SDOT,28100.00,,BIDADOO ONLINE AUCTION
58057,2005,TORO,4000-D,MOWER - 11` ROTARY,DPR,11500.00,,MURPHYS AUCTION
51564,2005,TOYOTA,PRIUS,COMPACT SEDAN - HYBRID,SFD,5100.00,,BIDADOO ONLINE AUCTION
31281,2003,TOYOTA,PRIUS,SEDAN COMPACT HYBRID,FAS,6750.00,,MURPHYS AUCTION
31058,2003,TOYOTA,PRIUS,COMPACT SEDAN - HYBRID,SPD,5300.00,,BIDADOO ONLINE AUCTION
74625,2007,CHEVROLET,COLORADO 4X4,COMPACT PICKUP - CREW CAB - 4X4,SPU,12000.00,,MURPHYS AUCTION
44585,2004,JEEP,LIBERTY,COMPACT SUV - 4X4,SPU,7350.00,,BIDADOO ONLINE AUCTION
51688,2005,DODGE,STRATUS,SEDAN MIDSIZE,SPU,5401.01,,BIDADOO ONLINE AUCTION
31915,2012,FORD,ESCAPE,SUV COMPACT 4X4,SDOT,10250.00,,MURPHYS AUCTION
EG5501,2000,CASE,721,SOLID WASTE WHEEL LOADER,SPU,15101.00,,BIDADOO ONLINE AUCTION
23642,2002,FORD,F450,PICKUP - FLATBED - CLASS 4,SDOT,6601.01,,BIDADOO ONLINE AUCTION
23675,2002,FORD,F450,PICKUP - FLATBED - CLASS 4,SDOT,6601.01,,BIDADOO ONLINE AUCTION
23663,2002,FORD,F450,PICKUP - FLATBED - CLASS 4,SDOT,7101.00,,BIDADOO ONLINE AUCTION
23643,2002,FORD,F450,PICKUP - CHIP BODY - CLASS 4,SDOT,20000.00,,MURPHYS AUCTION
13796,2001,FORD,F450,PICKUP - DUMP BODY - CLASS 4,DPR,15050.00,,MURPHYS AUCTION
97427,2009,SEGWAY,I2,ELECTRIC PERSONAL MOBILITY DEVICE,SFD,1800.00,,MURPHYS AUCTION
76517,2007,JOHN DEERE,ZTRAK 777,"MOWER - 72"" ROTARY",SPU,3750.00,,MURPHYS AUCTION
05861,2000,CHEVROLET,3500 HD,PICKUP - SERVICE BODY - CLASS 4,DPR,9000.00,,MURPHYS AUCTION
13564,2001,CHEVROLET,ASTRO,CARGO MINIVAN,SDOT,7350.00,,BIDADOO ONLINE AUCTION
32555,2003,CHEVROLET,ASTRO,MINIVAN CARGO,SPU,5700.00,,MURPHYS AUCTION
51535,2005,CHEVROLET,ASTRO,CARGO MINIVAN,SDOT,6600.00,,MURPHYS AUCTION
13438,2001,CHEVROLET,ASTRO,CARGO MINIVAN,DOIT,5100.00,,MURPHYS AUCTION
13437,2001,CHEVROLET,ASTRO,CARGO MINIVAN,DOIT,5500.00,,MURPHYS AUCTION
03168,2000,CHEVROLET,C3500,PICKUP - CREW CAB - DRW,SPD,9100.00,,BIDADOO ONLINE AUCTION
23327,2002,CHEVROLET,EXPRESS,CARGO VAN,DPR,6211.11,,BIDADOO ONLINE AUCTION
32910,2003,CHEVROLET,EXPRESS,CARGO VAN,FAS,5500.00,,MURPHYS AUCTION
70463,2007,CHEVROLET,IMPALA,MIDSIZE SEDAN,SPD,807.00,,MURPHYS AUCTION
33502,2003,CHEVROLET,S10,COMPACT PICKUP,SDOT,4606.00,,BIDADOO ONLINE AUCTION
P1702,1996,MANNS,TRAILER,TRAILER - 5000 LB GVWR,DPR,405.00,,BIDADOO ONLINE AUCTION
21595,2002,DODGE,NEON,SUBCOMPACT SEDAN,SFD,3100.00,,MURPHYS AUCTION
01404,2000,PLYMOUTH,NEON,SUBCOMPACT SEDAN,SPD,3700.00,,BIDADOO ONLINE AUCTION
33417,2003,FORD,CLUB WAGON,PASSENGER VAN,DPR,9200.00,,BIDADOO ONLINE AUCTION
99223,2009,FORD,CROWN VICTORIA,PATROL CAR,SPD,1200.00,,MURPHYS AUCTION
89161,2008,FORD,CROWN VICTORIA,PATROL CAR,SPD,800.00,,MURPHYS AUCTION
89119,2008,FORD,CROWN VICTORIA,PATROL CAR,SPD,310.00,,MURPHYS AUCTION
89150,2008,FORD,CROWN VICTORIA,PATROL CAR,SPD,1650.00,,BIDADOO ONLINE AUCTION
89145,2008,FORD,CROWN VICTORIA,PATROL CAR,SPD,450.00,,MURPHYS AUCTION
89143,2008,FORD,CROWN VICTORIA,PATROL CAR,SPD,1200.00,,MURPHYS AUCTION
59849,2005,FORD,CROWN VICTORIA,PATROL CAR - LICENSE RECOG SYSTEM,SPD,1775.00,,BIDADOO ONLINE AUCTION
79972,2007,FORD,CROWN VICTORIA,PATROL CAR - LT`S CAR,SPD,550.00,,MURPHYS AUCTION
79955,2007,FORD,CROWN VICTORIA,PATROL CAR,SPD,410.00,,MURPHYS AUCTION
79919,2007,FORD,CROWN VICTORIA,PATROL CAR,SPD,2325.00,,BIDADOO ONLINE AUCTION
69895,2006,FORD,CROWN VICTORIA,PATROL CAR,SPD,1825.00,,BIDADOO ONLINE AUCTION
79977,2007,FORD,CROWN VICTORIA,PATROL CAR,SPD,700.00,,MURPHYS AUCTION
79913,2007,FORD,CROWN VICTORIA,PATROL CAR - HALF SCREEN,SPD,2000.00,,MURPHYS AUCTION
79921,2007,FORD,CROWN VICTORIA,PATROL CAR,SPD,2400.00,,MURPHYS AUCTION
981762,1998,FORD,CROWN VICTORIA,FULLSIZE SEDAN,SFD,2400.00,,MURPHYS AUCTION
79990,2007,FORD,CROWN VICTORIA,PATROL CAR,SPD,1475.00,,BIDADOO ONLINE AUCTION
33814,2003,FORD,EXPEDITION,FULLSIZE SUV - 4X4,SFD,7000.00,,MURPHYS AUCTION
64603,2006,FORD,F250,PICKUP - 4X4,SPU,7250.00,,MURPHYS AUCTION
23318,2002,FORD,F250,PICKUP,DPR,4000.00,,MURPHYS AUCTION
43985,2004,FORD,F250,PICKUP,DPR,5659.00,,BIDADOO ONLINE AUCTION
33465,2003,FORD,F250,PICKUP,SPU,6250.00,,MURPHYS AUCTION
53253,2005,FORD,F350,PICKUP - ANIMAL CONTROL BODY,FAS,7000.00,,MURPHYS AUCTION
64638,2006,FORD,F350,PICKUP - SERVICE BODY,SPU,11000.00,,MURPHYS AUCTION
54666,2005,FORD,F350,PICKUP - SERVICE BODY,SPU,5701.00,,BIDADOO ONLINE AUCTION
33975,2003,FORD,F350,PICKUP - CREW CAB,DPR,4500.00,,MURPHYS AUCTION
43945,2004,FORD,F350,PICKUP - CREW CAB,DPR,6250.00,,MURPHYS AUCTION
84516,2008,FORD,F350,PICKUP - CREW CAB - 4X4,SPU,14000.00,,MURPHYS AUCTION
34514,2003,FORD,WINDSTAR,MINIVAN CARGO,SPU,1600.00,,MURPHYS AUCTION
985681,1998,FREIGHTLINER,FL70,TRUCK - AERIAL LIFT - TREE TRIMMER,SDOT,19600.00,,BIDADOO ONLINE AUCTION
44506,2004,FREIGHTLINER,MT55,WALKIN VAN - CLASS 6,SPU,19000.00,,MURPHYS AUCTION
23660,2002,GMC,SONOMA,COMPACT PICKUP,SDOT,5100.00,,BIDADOO ONLINE AUCTION
87615,2008,HARLEY-DAVIDSON,FLHPI ROAD KING,POLICE MOTORCYCLE,SPD,8852.00,,BIDADOO ONLINE AUCTION
97631,2009,HARLEY-DAVIDSON,FLHPI ROAD KING,POLICE MOTORCYCLE,SPD,7400.00,,BIDADOO ONLINE AUCTION
97629,2009,HARLEY-DAVIDSON,FLHPI ROAD KING,POLICE MOTORCYCLE,SPD,7500.00,,BIDADOO ONLINE AUCTION
97623,2009,HARLEY-DAVIDSON,FLHPI ROAD KING,POLICE MOTORCYCLE,SPD,4738.00,,BIDADOO ONLINE AUCTION
06645,2000,KENWORTH,T800,TRUCK - 12 YD DUMP - CLASS 8,SPU,57500.00,,MURPHYS AUCTION
55698,2005,LEE BOY,5000,"PATHWAY PAVER - 5`-9""",SDOT,23250.00,,MURPHYS AUCTION
38145,2003,FORD NEW HOLLAND,TL90 DELUXE,TRACTOR - 4X4,DPR,25758.00,,BIDADOO ONLINE AUCTION
23454,2002,FORD,4X4 RANGER,COMPACT PICKUP - 4X4,SPU,7300.50,,BIDADOO ONLINE AUCTION
11609,2001,FORD,TAURUS SE FFV,MIDSIZE STATION WAGON - CNG,SDOT,3550.00,,BIDADOO ONLINE AUCTION
81740,2000,KAWASAKI,KAF620-A6,UTILITY VEHICLE 4 WHEEL,DPR,3250.00,,BIDADOO ONLINE AUCTION
05570,2000,KENWORTH,T800B,TRUCK - 12 YD DUMP - CLASS 8,SDOT,37600.00,,BIDADOO ONLINE AUCTION
33722,2003,PETERBILT,330,TRUCK - SERVICE BODY - CLASS 7,SPU,47500.00,,MURPHYS AUCTION
73938,2007,PETERBILT,330,TRUCK - FLATBED - CONCRETE - CLASS 6,DPR,41600.00,,BIDADOO ONLINE AUCTION
35520,2003,PETERBILT,320,TRUCK - EDUCTOR - VACTOR,SPU,82500.00,,MURPHYS AUCTION
58067,2005,TORO,4000-D,MOWER - 11` ROTARY,DPR,11100.00,,BIDADOO ONLINE AUCTION
31050,2003,TOYOTA,PRIUS,COMPACT SEDAN - HYBRID,SPD,5100.00,,MURPHYS AUCTION
31907,2003,TOYOTA,PRIUS,COMPACT SEDAN - HYBRID,SPU,7339.00,,BIDADOO ONLINE AUCTION
21550,2002,TOYOTA,PRIUS,COMPACT SEDAN - HYBRID,SDOT,3500.00,,MURPHYS AUCTION
31306,2003,TOYOTA,PRIUS,COMPACT SEDAN HYBRID,FAS,6750.00,,MURPHYS AUCTION
51419,2005,TOYOTA,PRIUS,COMPACT SEDAN - HYBRID,DPR,8111.00,,BIDADOO ONLINE AUCTION
52020,2005,TOYOTA,PRIUS,COMPACT SEDAN - HYBRID,DPD,7000.00,,MURPHYS AUCTION
31059,2003,TOYOTA,PRIUS,COMPACT SEDAN - HYBRID,SPD,5700.00,,BIDADOO ONLINE AUCTION
68049,2006,VERMEER,BC 1000-XL,CHIPPER - 12 IN,SPU,19000.00,,MURPHYS AUCTION
93009,2009,TOYOTA,SIENNA,PASSENGER MINIVAN,FAS,16100.00,,BIDADOO ONLINE AUCTION
E0943,1994,WESTMARK,TANKER TRAILER,TRAILER - ASPHALT TANKER - 7400 GALLON,SDOT,15600.00,,BIDADOO ONLINE AUCTION
58070,2005,JACOBSEN,6010,MOWER - 11` ROTARY,DPR,5750.00,,MURPHYS AUCTION
55754,2005,STERLING,SC8000,SWEEPER - REGENERATIVE AIR,SDOT,35300.00,,BIDADOO ONLINE AUCTION
75742,2007,STERLING,SC8000,SWEEPER - REGENERATIVE AIR,SDOT,36600.00,,BIDADOO ONLINE AUCTION
51164,2005,TAYLOR DUNN,SC-100-36,STOCK CHASER - ELECTRIC - 36 V,CEN,1803.00,,BIDADOO ONLINE AUCTION
68032,2006,TORO,4000,MOWER - 11` ROTARY,DPR,10100.00,,BIDADOO ONLINE AUCTION
33632,2003,FORD,F450,PICKUP FLATBED PLOW,SDOT,19000.00,,BIDADOO ONLINE AUCTION
13797,2001,FORD,F450,PICKUP - DUMP BODY - CLASS 4,DPR,18055.00,,MURPHYS AUCTION
53665,2005,FORD,F450,PICKUP - DUMPING FLATBED - CLASS 4,SDOT,13100.00,,BIDADOO ONLINE AUCTION
73293,2007,DODGE,GRAND CARAVAN,CARGO MINIVAN,SPU,1600.00,,MURPHYS AUCTION
77305,2007,SEGWAY,I2,ELECTRIC PERSONAL MOBILITY DEVICE,SPD,1526.00,,BIDADOO ONLINE AUCTION
36537,2003,CATERPILLAR,420D,BACKHOE LOADER - 16000 LB,SPU,36500.00,,MURPHYS AUCTION
30459,1980,UNKNOWN,UNKNOWN,TRAILER,SDOT,280.00,,BIDADOO ONLINE AUCTION
7022,1991,PWBS,UNKNOWN,FLOOR SCRUBBER,FAS,990.10,,BIDADOO ONLINE AUCTION
54595,2005,CHEVROLET,ASTRO,CARGO MINIVAN,SPU,9100.00,,MURPHYS AUCTION
03208,2000,CHEVROLET,ASTRO,CARGO MINIVAN,DOIT,5100.00,,BIDADOO ONLINE AUCTION
23441,2002,CHEVROLET,EXPRESS,PASSENGER VAN,DPR,6800.00,,MURPHYS AUCTION
13034,2001,CHEVROLET,EXPRESS,CARGO VAN - ELECTRICIAN,FAS,9445.00,,BIDADOO ONLINE AUCTION
11401,2001,CHEVROLET,MALIBU,MIDSIZE SEDAN,DOIT,2100.00,,MURPHYS AUCTION
983903,1998,CHEVROLET,P30,WALKIN VAN - CLASS 3,DPR,2001.00,,BIDADOO ONLINE AUCTION
33118,2003,CHEVROLET,TRACKER,COMPACT SUV - 4X4,HEALTH,3000.00,,MURPHYS AUCTION
33532,2003,GMC,WORK HORSE,WALKIN VAN - CLASS 4,FAS,13000.00,,MURPHYS AUCTION
7124,1992,CLARKLIFT,FORKLIFT,FORKLIFT,SPD,3151.50,,BIDADOO ONLINE AUCTION
S2557,1998,WESTERN,TRAILER,TRAILER - 7000 LB DUMP,SPU,3000.00,,MURPHYS AUCTION
W2256,1995,NW CUSTOM,TRAILER,TRAILER,SPU,2300.00,,MURPHYS AUCTION
53574,2005,DODGE,CARAVAN,CARGO MINIVAN,SPU,5300.00,,MURPHYS AUCTION
53576,2005,DODGE,CARAVAN,MINIVAN CARGO,SPU,3500.00,,MURPHYS AUCTION
21097,2002,DODGE,NEON,SUBCOMPACT SEDAN,DPD,3050.00,,BIDADOO ONLINE AUCTION
21211,2002,DODGE,NEON,SUBCOMPACT SEDAN,HSD,3411.00,,BIDADOO ONLINE AUCTION
21191,2002,DODGE,NEON,SUBCOMPACT SEDAN,HSD,3500.00,,BIDADOO ONLINE AUCTION
21167,2002,DODGE,NEON,SUBCOMPACT SEDAN,HSD,3237.83,,BIDADOO ONLINE AUCTION
21243,2002,DODGE,NEON,SUBCOMPACT SEDAN,DPR,4900.00,,MURPHYS AUCTION
21854,2002,DODGE,NEON,SUBCOMPACT SEDAN,DPD,3650.00,,BIDADOO ONLINE AUCTION
11034,2001,PLYMOUTH,NEON,SUBCOMPACT SEDAN,SPD,3250.99,,BIDADOO ONLINE AUCTION
11518,2001,PLYMOUTH,NEON,SUBCOMPACT SEDAN,SPU,4500.00,,MURPHYS AUCTION
89111,2008,FORD,CROWN VICTORIA,PATROL CAR,SPD,850.00,,MURPHYS AUCTION
79973,2007,FORD,CROWN VICTORIA,PATROL CAR,SPD,875.00,,BIDADOO ONLINE AUCTION
79918,2007,FORD,CROWN VICTORIA,PATROL CAR,SPD,2100.00,,MURPHYS AUCTION
79961,2007,FORD,CROWN VICTORIA,PATROL CAR,SPD,1550.00,,MURPHYS AUCTION
30104,2010,FORD,CROWN VICTORIA,PATROL CAR,SPD,700.00,,MURPHYS AUCTION
69880,2006,FORD,CROWN VICTORIA,PATROL CAR,SPD,1025.00,,MURPHYS AUCTION
79986,2007,FORD,CROWN VICTORIA,PATROL CAR,SPD,950.00,,MURPHYS AUCTION
33423,2003,FORD,E250,CARGO VAN,SFD,6751.00,,BIDADOO ONLINE AUCTION
33728,2003,FORD,EXPEDITION,FULLSIZE SUV - 4X4,SFD,7000.00,,MURPHYS AUCTION
64576,2006,FORD,F250,PICKUP - SERVICE BODY,SPU,8100.00,,MURPHYS AUCTION
33320,2003,FORD,F250,PICKUP,DPR,4100.00,,MURPHYS AUCTION
43790,2004,FORD,F250,PICKUP,DPR,8000.00,,BIDADOO ONLINE AUCTION
33708,2003,FORD,F250,PICKUP - CREW CAB,DPR,3700.00,,MURPHYS AUCTION
14575,2001,FORD,F250,PICKUP,DPR,3100.00,,MURPHYS AUCTION
14572,2001,FORD,F250,PICKUP,SPU,7600.00,,MURPHYS AUCTION
13338,2001,FORD,F250,PICKUP,DPR,2400.00,,MURPHYS AUCTION
82456,2001,FORD,F350,PICKUP - DUMPING FLATBED - 4X4,DPR,11550.00,,MURPHYS AUCTION
24652,2002,FORD,F350,PICKUP - SERVICE BODY,SPU,12700.00,,BIDADOO ONLINE AUCTION
24617,2002,FORD,F350,PICKUP - SERVICE BODY,SPU,14600.00,,BIDADOO ONLINE AUCTION
33712,2003,FORD,F350,PICKUP - FLATBED - CRANE,SDOT,11976.00,,BIDADOO ONLINE AUCTION
43951,2004,FORD,F350,PICKUP - CREW CAB,DPR,5453.50,,BIDADOO ONLINE AUCTION
26555,2002,FORD,F550,TRUCK - DUMPING FLATBED - CRANE,SPU,21000.00,,MURPHYS AUCTION
43685,2004,FORD,F550,TRUCK - DUMP - SANDER - PLOW - CLASS 5,SDOT,19400.00,,BIDADOO ONLINE AUCTION
61127,2006,FORD,FOCUS,SUBCOMPACT SEDAN,SPU,6250.00,,MURPHYS AUCTION
73584,2007,FORD,RANGER,COMPACT PICKUP,SPU,7351.00,,BIDADOO ONLINE AUCTION
13374,2001,GMC,SONOMA,COMPACT PICKUP,DPR,3400.00,,MURPHYS AUCTION
23562,2002,GMC,SONOMA,COMPACT PICKUP,SPU,8606.00,,BIDADOO ONLINE AUCTION
23718,2002,GMC,SONOMA,COMPACT PICKUP,SDOT,4900.00,,BIDADOO ONLINE AUCTION
973147,1997,GMC,W4S042,CUTAWAY VAN,SPD,8950.00,,BIDADOO ONLINE AUCTION
97635,2009,HARLEY-DAVIDSON,FLHPI ROAD KING,POLICE MOTORCYCLE,SPD,6800.00,,BIDADOO ONLINE AUCTION
97633,2009,HARLEY-DAVIDSON,FLHPI ROAD KING,POLICE MOTORCYCLE,SPD,7100.00,,BIDADOO ONLINE AUCTION
87613,2008,HARLEY-DAVIDSON,FLHPI ROAD KING,POLICE MOTORCYCLE,SPD,7150.00,,BIDADOO ONLINE AUCTION
87603,2008,HARLEY-DAVIDSON,FLHPI ROAD KING,POLICE MOTORCYCLE,SPD,5045.00,,BIDADOO ONLINE AUCTION
155996,1996,JOHN DEERE,1200A,BALLFIELD GROOMER,DPR,1275.00,,BIDADOO ONLINE AUCTION
76452,2007,JOHN DEERE,ZTRAK M665,"MOWER - 72"" ROTARY",SPU,3750.00,,MURPHYS AUCTION
996548,1999,KENWORTH,T800B,TRUCK - 12 YD DUMP - CLASS 8,SPU,50000.00,,MURPHYS AUCTION
33723,2003,PETERBILT,330,TRUCK - SERVICE BODY - CLASS 7,SPU,32500.00,,MURPHYS AUCTION
P1744,2001,TRAILMAX,T-10-UT,TRAILER,DPR,2476.00,,BIDADOO ONLINE AUCTION
30906,2010,PETERBILT,320,TRUCK - PRESSURE DIGGER,SDOT,125900.01,,BIDADOO ONLINE AUCTION
45724,2004,PETERBILT,320,TRUCK - EDUCTOR - VAC CON,SPU,55000.00,,MURPHYS AUCTION
21536,2002,TOYOTA,PRIUS,COMPACT SEDAN - HYBRID,SDOT,4850.00,,BIDADOO ONLINE AUCTION
51021,2005,TOYOTA,PRIUS,COMPACT SEDAN - HYBRID,DPD,10600.00,,MURPHYS AUCTION
80442,1981,GMC,T80204,BUS,SPD,500.00,,MURPHYS AUCTION
74716,2007,CHEVROLET,COLORADO 4X4,COMPACT PICKUP - CREW CAB - 4X4,SPU,12250.00,,MURPHYS AUCTION
43464,2004,JEEP,LIBERTY,COMPACT SUV - 4X4,SPU,6357.50,,BIDADOO ONLINE AUCTION
83004,2008,CHEVROLET,UPLANDER,PASSENGER MINIVAN,FAS,8500.00,,MURPHYS AUCTION
76532,2007,JOHN DEERE,110 TRACTOR/LOADER/BACKHOE,TRACTOR - LOADER - BACKHOE,SPU,29000.00,,MURPHYS AUCTION
23664,2002,FORD,F450,PICKUP - FLATBED - CLASS 4,SDOT,9456.00,,BIDADOO ONLINE AUCTION
23624,2002,FORD,F450,PICKUP - FLATBED - CLASS 4,SDOT,7150.00,,BIDADOO ONLINE AUCTION
38269,2003,GO-4,INTERCEPTOR II,PEO SCOOTER TRAINING,SPD,2000.00,,MURPHYS AUCTION
97412,2009,SEGWAY,I2,ELECTRIC PERSONAL MOBILITY DEVICE,FAS,3250.00,,BIDADOO ONLINE AUCTION
77306,2007,SEGWAY,I2,ELECTRIC PERSONAL MOBILITY DEVICE,FAS,1000.00,,MURPHYS AUCTION
77300,2007,SEGWAY,I2,ELECTRIC PERSONAL MOBILITY DEVICE,SPD,1725.00,,BIDADOO ONLINE AUCTION
8120678,1988,BOWIE,HYDRO MULCHER,HYDRO MULCHER - TOWED,DPR,2849.00,,BIDADOO ONLINE AUCTION
32447,2005,BEARCAT,CHIPPER,CHIPPER,DPR,1250.00,,BIDADOO ONLINE AUCTION
17222,2001,CATERPILLAR,CB-224D,ROLLER - 3 TON DOUBLE DRUM,SDOT,11200.00,,BIDADOO ONLINE AUCTION
80608,1996,FORD,UNKNOWN,BUS,SPD,250.00,,MURPHYS AUCTION
03007,2000,CHEVROLET,ASTRO,CARGO MINIVAN,DOIT,5000.00,,BIDADOO ONLINE AUCTION
13001,2001,CHEVROLET,BLAZER,SUV MIDSIZE 4X4,DOIT,5279.00,,BIDADOO ONLINE AUCTION
23307,2002,CHEVROLET,EXPRESS,PASSENGER VAN,DPR,8600.00,,MURPHYS AUCTION
23028,2002,CHEVROLET,EXPRESS,CARGO VAN - ELECTRICIAN,FAS,6601.00,,MURPHYS AUCTION
61730,2006,CHEVROLET,IMPALA,SEDAN MIDSIZE,SPD,760.00,,MURPHYS AUCTION
S2556,1998,WESTERN,TRAILER,TRAILER - 7000 LB DUMP,SPU,3000.00,,MURPHYS AUCTION
53608,2005,DODGE,CARAVAN,CARGO MINIVAN,SPU,2600.00,,MURPHYS AUCTION
21235,2002,DODGE,NEON,SEDAN SUBCOMPACT,HEALTH,3500.00,,MURPHYS AUCTION
11213,2001,PLYMOUTH,NEON,SUBCOMPACT SEDAN,SFD,2125.66,,BIDADOO ONLINE AUCTION
99225,2009,FORD,CROWN VICTORIA,PATROL CAR,SPD,1500.00,,MURPHYS AUCTION
89113,2008,FORD,CROWN VICTORIA,PATROL CAR,SPD,1000.00,,MURPHYS AUCTION
89141,2008,FORD,CROWN VICTORIA,PATROL CAR,SPD,2750.00,,BIDADOO ONLINE AUCTION
79951,2007,FORD,CROWN VICTORIA,PATROL CAR,SPD,1925.00,,BIDADOO ONLINE AUCTION
49776,2004,FORD,CROWN VICTORIA,PATROL CAR - K9 TRAINING,SPD,1825.00,,BIDADOO ONLINE AUCTION
79960,2007,FORD,CROWN VICTORIA,PATROL CAR,SPD,1925.00,,BIDADOO ONLINE AUCTION
31471,2010,FORD,CROWN VICTORIA,PATROL CAR,SPD,210.00,,MURPHYS AUCTION
89163,2008,FORD,CROWN VICTORIA,PATROL CAR,SPD,2300.00,,MURPHYS AUCTION
89154,2008,FORD,CROWN VICTORIA,PATROL CAR,SPD,1000.00,,MURPHYS AUCTION
69896,2006,FORD,CROWN VICTORIA,PATROL CAR,SPD,1450.00,,MURPHYS AUCTION
79983,2007,FORD,CROWN VICTORIA,PATROL CAR,SPD,700.00,,MURPHYS AUCTION
79982,2007,FORD,CROWN VICTORIA,PATROL CAR,SPD,155.00,,MURPHYS AUCTION
89183,2008,FORD,CROWN VICTORIA,PATROL CAR,SPD,2150.00,,MURPHYS AUCTION
45367,2004,FORD,E450,MEDIC AID VAN - 2ND  REMOUNT - A/M-86,SFD,6253.51,,BIDADOO ONLINE AUCTION
65321,2006,FORD,E450,MEDIC AID VAN - NEW BODY,SFD,3600.00,,MURPHYS AUCTION
03301,2000,FORD,F250,PICKUP,DPR,4300.00,,BIDADOO ONLINE AUCTION
13781,2001,FORD,F250,TRUCK SERVICE BODY,SFD,6405.00,,BIDADOO ONLINE AUCTION
23310,2002,FORD,F250,PICKUP,DPR,9322.00,,BIDADOO ONLINE AUCTION
82464,2001,FORD,F250,PICKUP,DPR,3500.00,,MURPHYS AUCTION
23974,2002,FORD,F250,PICKUP - CREW CAB,DPR,6600.00,,BIDADOO ONLINE AUCTION
23062,2002,FORD,F250,PICKUP - CREW CAB,DPR,3600.00,,MURPHYS AUCTION
33324,2003,FORD,F250,PICKUP,DPR,2550.00,,MURPHYS AUCTION
14659,2001,FORD,F250,PICKUP - FLATBED - 4X4,SPU,8200.00,,BIDADOO ONLINE AUCTION
63383,2006,FORD,F350,PICKUP - FLATBED - PRESSURE WASHER,DPR,8501.50,,MURPHYS AUCTION
24643,2002,FORD,F350,PICKUP - SERVICE BODY - 4X4,SPU,16500.00,,MURPHYS AUCTION
53251,2005,FORD,F350,PICKUP - ANIMAL CONTROL BODY,FAS,4376.01,,BIDADOO ONLINE AUCTION
33317,2003,FORD,F350,PICKUP - CREW CAB,DPR,4250.00,,MURPHYS AUCTION
43897,2004,FORD,F350,PICKUP - CREW CAB,DPR,6300.00,,BIDADOO ONLINE AUCTION
993354,1999,FORD,F550,TRUCK - DUMPING FLATBED - CLASS 5,DPR,15250.00,,MURPHYS AUCTION
43703,2004,FORD,F550,TRUCK - DUMP - PLOW - CLASS 5,SDOT,12500.00,,MURPHYS AUCTION
73597,2007,FORD,RANGER,COMPACT PICKUP,SDOT,7300.00,,BIDADOO ONLINE AUCTION
3332,1992,GMC,RALLY,PASSENGER VAN,DPR,1050.00,,MURPHYS AUCTION
97636,2009,HARLEY-DAVIDSON,FLHPI ROAD KING,POLICE MOTORCYCLE,SPD,9151.00,,BIDADOO ONLINE AUCTION
31815,2003,HONDA,CIVIC GX,SUBCOMPACT SEDAN - DEDICATED CNG,SFD,5790.58,,BIDADOO ONLINE AUCTION
85877,2002,PETERBILT,330,TRUCK - AERIAL LIFT - CHIP BODY,DPR,43100.00,,BIDADOO ONLINE AUCTION
45521,2004,PETERBILT,320,TRUCK - EDUCTOR - VAC CON,SPU,57500.00,,MURPHYS AUCTION
S0570,1994,SNIPER,747-4000,TRAILER - SEWER JET,SPU,2000.00,,MURPHYS AUCTION
58113,2005,TORO,4000-D,MOWER - 11` ROTARY,DPR,10600.00,,BIDADOO ONLINE AUCTION
52081,2005,TOYOTA,PRIUS,COMPACT SEDAN - HYBRID,DPD,9600.00,,BIDADOO ONLINE AUCTION
51136,2005,TOYOTA,PRIUS,COMPACT SEDAN - HYBRID,DPD,9000.00,,MURPHYS AUCTION
51432,2005,TOYOTA,PRIUS,COMPACT SEDAN - HYBRID,SDOT,10111.11,,BIDADOO ONLINE AUCTION
956451,1995,WALTON,40KTP-XL,TRAILER - TILT DECK - 40000 LB GVWR,SDOT,10600.00,,BIDADOO ONLINE AUCTION
74521,2007,CHEVROLET,COLORADO 4X4,COMPACT PICKUP - CREW CAB - 4X4,SPU,14000.00,,BIDADOO ONLINE AUCTION
75519,2007,PETERBILT,335,TRUCK - FLATBED - CLASS 7,SDOT,45100.00,,BIDADOO ONLINE AUCTION
75743,2007,STERLING,SC8000,SWEEPER - MECHANICAL,SDOT,52800.00,,BIDADOO ONLINE AUCTION
79935,2007,DODGE,CHARGER,PATROL CAR - DUI,SPD,4500.00,,MURPHYS AUCTION
55538,2005,CASE,590M,BACKHOE LOADER - 19500 LB - BREAKER  4X4,SDOT,59201.00,,BIDADOO ONLINE AUCTION
86519,2008,JOHN DEERE,1565 MOWER,"MOWER - 72"" ROTARY",SPU,18500.00,,MURPHYS AUCTION
13798,2001,FORD,F450,PICKUP - DUMP BODY - CLASS 4,DPR,20500.00,,BIDADOO ONLINE AUCTION
38255,2003,GO-4,INTERCEPTOR II,PEO SCOOTER,SPD,1050.00,,MURPHYS AUCTION
58271,2005,GO-4,INTERCEPTOR II,PEO SCOOTER,SPD,4600.00,,MURPHYS AUCTION
85533,2008,HYPAC,C530AH,ROLLER - 11 TON PNEUMATIC,SDOT,15400.00,,BIDADOO ONLINE AUCTION
87501,2008,POWER CURBER,PC-150,POWER CURBER,SDOT,2750.00,,MURPHYS AUCTION
36500,2003,CATERPILLAR,420D,BACKHOE LOADER - 16000 LB - BREAKER,SPU,24000.00,,MURPHYS AUCTION
6516,1991,CATERPILLAR,UNKNOWN,MOTOR GRADER - ARTICULATED,SPU,117500.00,,MURPHYS AUCTION
34583,2003,CHEVROLET,ASTRO,CARGO MINIVAN,SPU,6000.00,,MURPHYS AUCTION
23931,2002,CHEVROLET,ASTRO,PASSENGER MINIVAN,SDOT,6600.00,,MURPHYS AUCTION
51473,2005,CHEVROLET,ASTRO,CARGO MINIVAN,SPU,9600.00,,MURPHYS AUCTION
14503,2001,CHEVROLET,ASTRO,CARGO MINIVAN,SPU,4750.00,,MURPHYS AUCTION
43445,2004,CHEVROLET,EXPRESS,PASSENGER VAN,DPR,8500.00,,MURPHYS AUCTION
43171,2004,CHEVROLET,EXPRESS,CARGO VAN,SPD,9100.00,,BIDADOO ONLINE AUCTION
13757,2001,CHEVROLET,G3500,PASSENGER VAN,SFD,7600.00,,BIDADOO ONLINE AUCTION
34588,2003,CHEVROLET,S10,COMPACT PICKUP,SPU,1825.00,,MURPHYS AUCTION
EG0210,2000,WANCO,TRAILER,SOLID WASTE TRAFFIC WARNING TRAILER,SPU,4000.00,,MURPHYS AUCTION
S2574,1999,PAROS,TRAILER,TRAILER - TILT DECK,SPU,3500.00,,MURPHYS AUCTION
53577,2005,DODGE,CARAVAN,CARGO MINIVAN,SPU,6855.00,,BIDADOO ONLINE AUCTION
31581,2003,DODGE,NEON,SUBCOMPACT SEDAN,SDOT,4500.00,,MURPHYS AUCTION
21238,2002,DODGE,NEON,SUBCOMPACT SEDAN,DPR,2937.00,,BIDADOO ONLINE AUCTION
21845,2002,DODGE,NEON,SUBCOMPACT SEDAN,DPD,4700.00,,BIDADOO ONLINE AUCTION
99245,2009,FORD,CROWN VICTORIA,PATROL CAR,SPD,350.00,,MURPHYS AUCTION
59829,2005,FORD,CROWN VICTORIA,PATROL CAR ACTIVE SPARE RESERVE,SPD,2050.96,,BIDADOO ONLINE AUCTION
89118,2008,FORD,CROWN VICTORIA,PATROL CAR,SPD,1550.00,,BIDADOO ONLINE AUCTION
89144,2008,FORD,CROWN VICTORIA,PATROL CAR,SPD,1510.00,,MURPHYS AUCTION
79952,2007,FORD,CROWN VICTORIA,PATROL CAR,SPD,2400.00,,MURPHYS AUCTION
69897,2006,FORD,CROWN VICTORIA,PATROL CAR,SPD,2000.00,,MURPHYS AUCTION
79970,2007,FORD,CROWN VICTORIA,PATROL CAR,SPD,2800.57,,BIDADOO ONLINE AUCTION
79965,2007,FORD,CROWN VICTORIA,PATROL CAR,SPD,1025.00,,BIDADOO ONLINE AUCTION
89171,2008,FORD,CROWN VICTORIA,PATROL CAR,SPD,800.00,,MURPHYS AUCTION
3210,1993,FORD,E350,PASSENGER VAN,SPD,2650.00,,BIDADOO ONLINE AUCTION
33729,2003,FORD,EXPEDITION,FULLSIZE SUV - 4X4,SFD,6552.25,,BIDADOO ONLINE AUCTION
23060,2002,FORD,F250,PICKUP - CREW CAB,DPR,5750.00,,MURPHYS AUCTION
23319,2002,FORD,F250,PICKUP,DPR,3351.00,,BIDADOO ONLINE AUCTION
23311,2002,FORD,F250,PICKUP,DPR,3750.00,,MURPHYS AUCTION
23395,2002,FORD,F250,PICKUP,DPR,5800.00,,BIDADOO ONLINE AUCTION
34563,2003,FORD,F250,PICKUP - 4X4,SPU,13100.00,,BIDADOO ONLINE AUCTION
33706,2003,FORD,F250,PICKUP,DPR,6500.00,,MURPHYS AUCTION
33965,2003,FORD,F250,PICKUP - CREW CAB,DPR,4100.00,,MURPHYS AUCTION
13340,2001,FORD,F250,PICKUP,DPR,3225.00,,BIDADOO ONLINE AUCTION
43915,2004,FORD,F350,PICKUP,DPR,4300.00,,MURPHYS AUCTION
43948,2004,FORD,F350,PICKUP - CREW CAB - 4X4,DPR,8478.00,,BIDADOO ONLINE AUCTION
44384,2004,FREIGHTLINER,MT55,WALKIN VAN - CLASS 6,SPU,15000.00,,MURPHYS AUCTION
985539,1998,GEFFSPREAD KING,WBHS,CHIP SPREADER   39000 GVWR,SDOT,35200.00,,BIDADOO ONLINE AUCTION
13291,2001,GMC,SAFARI,MINIVAN PASSENGER,SPD,4400.00,,MURPHYS AUCTION
80204,2002,GMC,SAVANNA,PASSENGER VAN,DPR,9600.00,,MURPHYS AUCTION
87608,2008,HARLEY-DAVIDSON,FLHPI ROAD KING,POLICE MOTORCYCLE,SPD,9000.00,,MURPHYS AUCTION
06572,2000,INGERSOLL RAND,P185WJDU,AIR COMPRESSOR - TRAILER MOUNTED,SPU,10500.00,,MURPHYS AUCTION
07135,2000,TENNANT,7400,FLOOR SCRUBBER - LPG,CEN,3950.00,,BIDADOO ONLINE AUCTION
966551,1996,JOHN DEERE,772BH,MOTOR GRADER - ARTICULATED - 37000 LB,SPU,41000.00,,MURPHYS AUCTION
5331,1992,SPARTAN,LADDER,FIRE AERIAL REAR MOUNT,SFD,9100.01,,BIDADOO ONLINE AUCTION
5316,1993,SPARTAN,PUMPER,FIRE PUMPER,SFD,7800.00,,BIDADOO ONLINE AUCTION
75653,2007,KENWORTH,W900B,TRUCK - 11 YD CEMENT MIXER - CLASS 8,SDOT,22655.00,,BIDADOO ONLINE AUCTION
05568,2000,KENWORTH,T800B,TRUCK - 12 YD DUMP - CLASS 8,SDOT,45100.00,,BIDADOO ONLINE AUCTION
78142,2007,TORO,4000-D,MOWER - 11` ROTARY,DPR,11700.00,,MURPHYS AUCTION
58117,2005,TORO,4000-D,MOWER - 11` ROTARY,DPR,11525.00,,MURPHYS AUCTION
58137,2005,TORO,580D,MOWER - 16` ROTARY,DPR,10600.00,,MURPHYS AUCTION
68131,2006,TORO,580D,MOWER - 16` ROTARY,DPR,15250.00,,MURPHYS AUCTION
21855,2002,TOYOTA,PRIUS,COMPACT SEDAN - HYBRID,DPR,5100.00,,BIDADOO ONLINE AUCTION
52528,2005,TOYOTA,PRIUS,COMPACT SEDAN - HYBRID,SPU,9256.00,,BIDADOO ONLINE AUCTION
51169,2005,TOYOTA,PRIUS,COMPACT SEDAN - HYBRID,DPD,7000.00,,BIDADOO ONLINE AUCTION
51309,2005,TOYOTA,PRIUS,COMPACT SEDAN - HYBRID,SDOT,6300.00,,MURPHYS AUCTION
31615,2003,TOYOTA,PRIUS,COMPACT SEDAN - HYBRID,SPD,6500.00,,MURPHYS AUCTION
16650,2001,TRAILMAX,TD-40-T,TRAILER - TILT DECK - 37000 LB GVWR,SPU,8250.00,,MURPHYS AUCTION
31092,2010,CHEVROLET,COLORADO 4X4,COMPACT PICKUP - 4X4,SPU,4500.00,,MURPHYS AUCTION
55757,2005,STERLING,SC8000,SWEEPER - REGENERATIVE AIR M6000,SDOT,50010.00,,BIDADOO ONLINE AUCTION
61047,2006,DODGE,MAGNUM,FULLSIZE STATION WAGON,SPD,2575.02,,MURPHYS AUCTION
65652,2006,CASE,590M,BACKHOE LOADER - 15200 LB - BREAKER,SDOT,25850.00,,BIDADOO ONLINE AUCTION
45650,2004,CASE,590M,BACKHOE LOADER - 19500 LB - BREAKER,SDOT,25825.00,,BIDADOO ONLINE AUCTION
23623,2002,FORD,F450,PICKUP - FLATBED - CLASS 4,SDOT,5801.00,,BIDADOO ONLINE AUCTION
23662,2002,FORD,F450,PICKUP - FLATBED - WELDER - CLASS 4,SDOT,18000.00,,MURPHYS AUCTION
973655,1997,FORD,F450,PICKUP - AERIAL LIFT 32` - CLASS 4,CEN,16801.00,,BIDADOO ONLINE AUCTION
34578,2003,CHEVROLET,ASTRO,CARGO MINIVAN,SPU,5800.00,,MURPHYS AUCTION
23930,2002,CHEVROLET,ASTRO,PASSENGER MINIVAN,SPL,5200.00,,MURPHYS AUCTION
03921,2000,CHEVROLET,ASTRO,PASSENGER MINIVAN,DPR,5300.00,,BIDADOO ONLINE AUCTION
13163,2001,CHEVROLET,ASTRO,CARGO MINIVAN,DPR,4725.00,,MURPHYS AUCTION
03207,2000,CHEVROLET,ASTRO,CARGO MINIVAN,DOIT,4948.00,,BIDADOO ONLINE AUCTION
23556,2002,CHEVROLET,BLAZER,MIDSIZE SUV - 4X4,SDOT,5655.55,,BIDADOO ONLINE AUCTION
33752,2003,CHEVROLET,BLAZER,SUV MIDSIZE 4X4,SFD,5000.00,,MURPHYS AUCTION
3510,1988,FORD,CARGO,CARGO VAN,DPR,1250.00,,MURPHYS AUCTION
23309,2002,CHEVROLET,EXPRESS,PASSENGER VAN,DPR,7900.00,,MURPHYS AUCTION
03044,2000,CHEVROLET,G3500,CARGO VAN - HVAC,FAS,5555.00,,BIDADOO ONLINE AUCTION
03885,2000,CHEVROLET,G3500,CARGO VAN,DPR,1300.00,,MURPHYS AUCTION
P140753,1994,UNKNOWN,TRAILER,TRAILER - 525 GAL WATER TANK,DPR,4550.00,,MURPHYS AUCTION
21577,2002,DODGE,NEON,SUBCOMPACT SEDAN,SDOT,3555.41,,BIDADOO ONLINE AUCTION
12172,2001,PLYMOUTH,NEON,SUBCOMPACT SEDAN,DPD,4000.00,,MURPHYS AUCTION
13409,2001,DODGE,RAM QUAD CAB,PICKUP,DPR,3200.00,,MURPHYS AUCTION
33425,2003,FORD,CLUB WAGON,PASSENGER VAN,DPR,6957.00,,BIDADOO ONLINE AUCTION
33404,2003,FORD,CLUB WAGON,PASSENGER VAN,DPR,11500.00,,MURPHYS AUCTION
99241,2009,FORD,CROWN VICTORIA,PATROL CAR,SPD,300.00,,MURPHYS AUCTION
99226,2009,FORD,CROWN VICTORIA,PATROL CAR,SPD,1450.00,,MURPHYS AUCTION
99221,2009,FORD,CROWN VICTORIA,PATROL CAR,SPD,1300.00,,MURPHYS AUCTION
59837,2005,FORD,CROWN VICTORIA,PATROL CAR,SPD,800.00,,MURPHYS AUCTION
59805,2005,FORD,CROWN VICTORIA,PATROL CAR,SPD,2400.00,,MURPHYS AUCTION
89127,2008,FORD,CROWN VICTORIA,PATROL CAR,SPD,2050.00,,BIDADOO ONLINE AUCTION
79971,2007,FORD,CROWN VICTORIA,PATROL CAR,SPD,2050.00,,BIDADOO ONLINE AUCTION
59843,2005,FORD,CROWN VICTORIA,PATROL CAR TRAINING,SPD,2605.00,,BIDADOO ONLINE AUCTION
79920,2007,FORD,CROWN VICTORIA,PATROL CAR,SPD,2750.00,,MURPHYS AUCTION
69891,2006,FORD,CROWN VICTORIA,PATROL CAR TRAINING,SPD,2051.00,,BIDADOO ONLINE AUCTION
31472,2010,FORD,CROWN VICTORIA,PATROL CAR,SPD,510.00,,MURPHYS AUCTION
89164,2008,FORD,CROWN VICTORIA,PATROL CAR,SPD,550.00,,MURPHYS AUCTION
89189,2008,FORD,CROWN VICTORIA,PATROL CAR,SPD,1100.00,,MURPHYS AUCTION
89172,2008,FORD,CROWN VICTORIA,PATROL CAR,SPD,400.00,,MURPHYS AUCTION
89166,2008,FORD,CROWN VICTORIA,PATROL CAR,SPD,1508.00,,BIDADOO ONLINE AUCTION
65320,2006,FORD,E450,MEDIC AID VAN - 1ST REMOUNT,SFD,4100.00,,MURPHYS AUCTION
63955,2006,FORD,F250,PICKUP - CREW CAB,DPR,9449.99,,MURPHYS AUCTION
82468,2001,FORD,F250,PICKUP,DPR,3750.00,,MURPHYS AUCTION
53042,2005,FORD,F250,PICKUP,FAS,9001.00,,MURPHYS AUCTION
13962,2001,FORD,F250,PICKUP,DPR,3700.00,,MURPHYS AUCTION
13358,2001,FORD,F250,PICKUP - DUMP BODY,DPR,7499.99,,MURPHYS AUCTION
32908,2003,FORD,F350,PICKUP,SPD,6900.00,,BIDADOO ONLINE AUCTION
44605,2004,FORD,F350,PICKUP - CREW CAB - 4X4,SPU,10400.00,,BIDADOO ONLINE AUCTION
33977,2003,FORD,F350,PICKUP - CREW CAB,DPR,7650.00,,BIDADOO ONLINE AUCTION
33652,2003,FORD,F350,PICKUP - FLATBED - CRANE,SPU,7600.00,,MURPHYS AUCTION
965693,1996,FREIGHTLINER,FL70,TRUCK - AERIAL LIFT PLATFORM - CLASS 8,SDOT,6500.00,,BIDADOO ONLINE AUCTION
23805,2002,GMC,SONOMA,COMPACT PICKUP,DPR,2505.00,,BIDADOO ONLINE AUCTION
23551,2002,GMC,SONOMA,COMPACT PICKUP,SDOT,5600.00,,MURPHYS AUCTION
97625,2009,HARLEY-DAVIDSON,FLHPI ROAD KING,POLICE MOTORCYCLE,SPD,6600.00,,BIDADOO ONLINE AUCTION
87620,2008,HARLEY-DAVIDSON,FLHPI ROAD KING,POLICE MOTORCYCLE,SPD,6308.00,,BIDADOO ONLINE AUCTION
97630,2009,HARLEY-DAVIDSON,FLHPI ROAD KING,POLICE MOTORCYCLE,SPD,7300.00,,BIDADOO ONLINE AUCTION
24531,2002,FORD,4X4 RANGER,COMPACT PICKUP - 4X4,SPU,5100.00,,BIDADOO ONLINE AUCTION
25691,2002,PETERBILT,330,TRUCK - AERIAL LIFT - CLASS 8,SDOT,45300.00,,BIDADOO ONLINE AUCTION
47127,2004,RAMMER,S25,BREAKER 500 LB,SDOT,2200.00,,MURPHYS AUCTION
58029,2005,TORO,4000-D,MOWER - 11` ROTARY,DPR,8500.00,,MURPHYS AUCTION
11863,2001,TOYOTA,PRIUS,COMPACT SEDAN - HYBRID,DPR,7605.00,,BIDADOO ONLINE AUCTION
31068,2003,TOYOTA,PRIUS,COMPACT SEDAN - HYBRID,SPD,5864.00,,BIDADOO ONLINE AUCTION
82453,2001,TOYOTA,PRIUS,COMPACT SEDAN - HYBRID,DPR,6000.00,,MURPHYS AUCTION
W3838,2005,VERMEER,BC625A,CHIPPER,SPU,5250.00,,MURPHYS AUCTION
53767,2005,CHEVROLET,SUBURBAN K1500/K15906,SUV FULLSIZE - 4X4,SFD,6400.00,,MURPHYS AUCTION
47002,2004,KUBOTA,L4330HST-F,TRACTOR - LOADER - BACKHOE,CEN,11500.00,,MURPHYS AUCTION
84671,2008,CHEVROLET,UPLANDER,CARGO MINIVAN,SPU,2075.00,,MURPHYS AUCTION
79933,2007,DODGE,CHARGER,PATROL CAR - DUI,SPD,7900.00,,MURPHYS AUCTION
68161,2006,JOHN DEERE,410G,BACKHOE LOADER - 18600 LB - BREAKER 4X4,SPU,29000.00,,MURPHYS AUCTION
03680,2000,FORD,F450,PICKUP - FLATBED - CLASS 4,SDOT,5500.00,,MURPHYS AUCTION
23635,2002,FORD,F450,PICKUP - FLATBED - CRANE - CLASS 4,SDOT,11900.00,,BIDADOO ONLINE AUCTION
05802,2000,FORD,F450,PICKUP - FLATBED - CLASS 4,DPR,19201.00,,BIDADOO ONLINE AUCTION
77301,2007,SEGWAY,I2,ELECTRIC PERSONAL MOBILITY DEVICE,SPD,1175.00,,BIDADOO ONLINE AUCTION
A0623,1991,CHEVROLET,C5500,WALKIN VAN - CLASS 3,SPL,12445.67,,BIDADOO ONLINE AUCTION
03011,2000,CHEVROLET,ASTRO,CARGO MINIVAN,DOIT,6100.00,,MURPHYS AUCTION
33227,2003,CHEVROLET,ASTRO,CARGO MINIVAN,OH,6800.00,,BIDADOO ONLINE AUCTION
23932,2002,CHEVROLET,ASTRO,MINIVAN PASSENGER,DPR,4050.00,,MURPHYS AUCTION
13439,2001,CHEVROLET,ASTRO,CARGO MINIVAN,DOIT,9300.00,,BIDADOO ONLINE AUCTION
24438,2002,CHEVROLET,BLAZER,MIDSIZE SUV - 4X4,SPU,5250.00,,MURPHYS AUCTION
03201,2000,CHEVROLET,C3500,PICKUP - CREW CAB,SPD,8400.00,,MURPHYS AUCTION
13424,2001,CHEVROLET,EXPRESS,CARGO VAN,DPR,5325.00,,BIDADOO ONLINE AUCTION
13182,2001,CHEVROLET,EXPRESS,CARGO VAN - PLUMBER WITH CRANE,FAS,6000.00,,BIDADOO ONLINE AUCTION
23018,2002,CHEVROLET,EXPRESS,CARGO VAN - PLUMBER,FAS,8322.00,,BIDADOO ONLINE AUCTION
34528,2003,CHEVROLET,EXPRESS,VAN CARGO,SPU,8500.00,,MURPHYS AUCTION
13052,2001,CHEVROLET,EXPRESS,CARGO VAN - CARPENTER,FAS,8601.00,,BIDADOO ONLINE AUCTION
03221,2000,CHEVROLET,G3500,CARGO VAN - P-PATCH VAN,DON,5700.00,,BIDADOO ONLINE AUCTION
11406,2001,CHEVROLET,MALIBU,MIDSIZE SEDAN,FAS,2887.00,,BIDADOO ONLINE AUCTION
983969,1998,CHEVROLET,P30,WALKIN VAN - CLASS 3,DPR,5500.00,,MURPHYS AUCTION
5334,1993,CLARKLIFT,TM15S,FORKLIFT - 3000 LB LIFT - ELECTRIC,SFD,4376.99,,BIDADOO ONLINE AUCTION
25668,2002,BLAZER,TRAILER,CREW TRAILER,SPU,8500.00,,MURPHYS AUCTION
P0320,2003,ALKOTA,TRAILER,TRAILER - SPRAYER,DPR,1600.00,,MURPHYS AUCTION
80413,2007,WELLS CARGO,TRAILER,TRAILER - JET BOAT,SFD,225.00,,MURPHYS AUCTION
985696,1998,CRAFCO,EZ POUR 200DC,TRAILER - ASPHALT CRACK SEALER,SDOT,3551.00,,BIDADOO ONLINE AUCTION
33405,2003,FORD,CLUB WAGON,PASSENGER VAN,DPR,7025.00,,BIDADOO ONLINE AUCTION
99231,2009,FORD,CROWN VICTORIA,PATROL CAR,SPD,500.00,,MURPHYS AUCTION
99219,2009,FORD,CROWN VICTORIA,PATROL CAR,SPD,310.00,,MURPHYS AUCTION
89120,2008,FORD,CROWN VICTORIA,PATROL CAR,SPD,1475.00,,BIDADOO ONLINE AUCTION
89117,2008,FORD,CROWN VICTORIA,PATROL CAR,SPD,2050.00,,BIDADOO ONLINE AUCTION
89112,2008,FORD,CROWN VICTORIA,PATROL CAR,SPD,2300.00,,MURPHYS AUCTION
89148,2008,FORD,CROWN VICTORIA,PATROL CAR,SPD,2057.00,,MURPHYS AUCTION
79954,2007,FORD,CROWN VICTORIA,PATROL CAR - TRAINING,SPD,1550.00,,MURPHYS AUCTION
79953,2007,FORD,CROWN VICTORIA,PATROL CAR TRAINING,SPD,950.00,,MURPHYS AUCTION
69900,2006,FORD,CROWN VICTORIA,PATROL CAR,SPD,1900.00,,MURPHYS AUCTION
79927,2007,FORD,CROWN VICTORIA,PATROL CAR,SPD,2600.00,,MURPHYS AUCTION
79987,2007,FORD,CROWN VICTORIA,PATROL CAR,SPD,1825.00,,BIDADOO ONLINE AUCTION
79980,2007,FORD,CROWN VICTORIA,PATROL CAR,SPD,550.00,,MURPHYS AUCTION
79930,2007,FORD,CROWN VICTORIA,PATROL CAR,SPD,910.00,,BIDADOO ONLINE AUCTION
89153,2008,FORD,CROWN VICTORIA,PATROL CAR,SPD,1000.00,,MURPHYS AUCTION
89185,2008,FORD,CROWN VICTORIA,PATROL CAR,SPD,820.00,,BIDADOO ONLINE AUCTION
79988,2007,FORD,CROWN VICTORIA,PATROL CAR - SGT`S CAR,SPD,1300.00,,MURPHYS AUCTION
89192,2008,FORD,CROWN VICTORIA,FULLSIZE SEDAN,SPD,400.00,,MURPHYS AUCTION
33698,2003,FORD,EXPEDITION,FULLSIZE SUV - 4X4,SDOT,5684.00,,BIDADOO ONLINE AUCTION
34582,2003,FORD,EXPEDITION,FULLSIZE SUV - 4X4,SPU,4600.00,,MURPHYS AUCTION
34635,2003,FORD,F250,PICKUP - 4X4,SPU,14000.00,,MURPHYS AUCTION
23344,2002,FORD,F250,PICKUP,DPR,7250.00,,BIDADOO ONLINE AUCTION
23701,2002,FORD,F250,PICKUP,SDOT,4550.00,,BIDADOO ONLINE AUCTION
43997,2004,FORD,F250,PICKUP,DPR,7600.00,,BIDADOO ONLINE AUCTION
33726,2003,FORD,F250,PICKUP,DPR,9450.00,,MURPHYS AUCTION
43478,2004,FORD,F250,PICKUP,SDOT,5220.00,,BIDADOO ONLINE AUCTION
44591,2004,FORD,F250,PICKUP - 4X4,SPU,9100.00,,BIDADOO ONLINE AUCTION
44630,2004,FORD,F250,PICKUP - 4X4,SPU,6150.00,,MURPHYS AUCTION
24562,2002,FORD,F350,PICKUP - SERVICE BODY,SPU,21500.00,,MURPHYS AUCTION
34598,2003,FORD,F350,PICKUP - SERVICE BODY - 4X4,SPU,11600.00,,BIDADOO ONLINE AUCTION
33167,2003,FORD,F350,PICKUP - CREW CAB,SPD,9010.00,,MURPHYS AUCTION
44008,2004,FORD,F350,PICKUP - CREW CAB - 4X4,SPU,11100.00,,BIDADOO ONLINE AUCTION
34703,2003,FREIGHTLINER,SPRINTER P2500SHC,PASSENGER VAN,SPU,16850.89,,BIDADOO ONLINE AUCTION
11673,2001,GMC,SAFARI,PASSENGER MINIVAN,SPU,6900.00,,MURPHYS AUCTION
15082,2001,GMC,T7500,TRUCK - SERVICE BODY - CLASS 7,FAS,21555.00,,BIDADOO ONLINE AUCTION
87601,2008,HARLEY-DAVIDSON,FLHPI ROAD KING,POLICE MOTORCYCLE,SPD,7200.00,,BIDADOO ONLINE AUCTION
97627,2009,HARLEY-DAVIDSON,FLHPI ROAD KING,POLICE MOTORCYCLE,SPD,7000.00,,BIDADOO ONLINE AUCTION
97621,2009,HARLEY-DAVIDSON,FLHPI ROAD KING,POLICE MOTORCYCLE,SPD,7800.00,,BIDADOO ONLINE AUCTION
97634,2009,HARLEY-DAVIDSON,FLHPI ROAD KING,POLICE MOTORCYCLE,SPD,7200.00,,BIDADOO ONLINE AUCTION
97624,2009,HARLEY-DAVIDSON,FLHPI ROAD KING,POLICE MOTORCYCLE,SPD,8911.00,,BIDADOO ONLINE AUCTION
87606,2008,HARLEY-DAVIDSON,FLHPI ROAD KING,POLICE MOTORCYCLE,SPD,6500.00,,BIDADOO ONLINE AUCTION
07225,2000,INGERSOLL RAND,P185WJDU,AIR COMPRESSOR - TRAILER MOUNTED,SPU,10500.00,,MURPHYS AUCTION
80504,2005,JOHN DEERE,GATOR,UTILITY VEHICLE 4 WHEEL,DPR,5500.00,,MURPHYS AUCTION
5332,1992,SPARTAN,LADDER,FIRE AERIAL - REAR MOUNT,SFD,4750.00,,BIDADOO ONLINE AUCTION
38144,2003,FORD NEW HOLLAND,TL90 DELUXE,TRACTOR - 4X4,DPR,28259.00,,BIDADOO ONLINE AUCTION
25600,2002,PETERBILT,330,TRUCK - DUMP - CLASS 7,DPR,32500.00,,MURPHYS AUCTION
27227,2002,PREMCO,TRIPLE L,TRAILER - HYDRAULIC LIFT - 7000 LB GVWR,SDOT,5600.00,,BIDADOO ONLINE AUCTION
P1738,2000,TRAILMAX,T-10-UT,TRAILER - 9950 LB GVWR,DPR,2650.00,,BIDADOO ONLINE AUCTION
58080,2005,TORO,4000-D,MOWER - 11` ROTARY,DPR,17000.00,,MURPHYS AUCTION
31052,2003,TOYOTA,PRIUS,COMPACT SEDAN - HYBRID,SPD,3850.00,,BIDADOO ONLINE AUCTION
41278,2004,TOYOTA,PRIUS,COMPACT SEDAN - HYBRID,DPD,8100.00,,MURPHYS AUCTION
32509,2003,TOYOTA,PRIUS,SEDAN COMPACT - HYBRID,SPU,5600.00,,BIDADOO ONLINE AUCTION
31283,2003,TOYOTA,PRIUS,COMPACT SEDAN - HYBRID,SPL,5800.00,,BIDADOO ONLINE AUCTION
31270,2003,TOYOTA,PRIUS,SEDAN COMPACT - HYBRID,FAS,6750.00,,MURPHYS AUCTION
41992,2004,TORO,WORKMAN 3300,UTILITY VEHICLE 4 WHEEL,CEN,3500.00,,MURPHYS AUCTION
76515,2007,PETERBILT,335,TRUCK - CRANE - CLASS 8,SPU,110000.00,,MURPHYS AUCTION
55698,2005,LEE BOY,5000 PATH MASTER PAVER,"PATHWAY PAVER - 5`-9""",SDOT,23250.00,,MURPHYS AUCTION
E0943,1994,WESTMARK,ASPHALT TANKER,TRAILER - ASPHALT TANKER - 7400 GALLON,SDOT,15600.00,,BIDADOO ONLINE AUCTION
65735,2006,STERLING,SC8000,SWEEPER - REGENERATIVE AIR,SDOT,42000.00,,MURPHYS AUCTION
75736,2007,STERLING,SC8000,SWEEPER - REGENERATIVE AIR,SDOT,45100.00,,BIDADOO ONLINE AUCTION
51161,2005,TAYLOR DUNN,SC-100-36,STOCK CHASER - ELECTRIC - 36 V,CEN,1905.00,,BIDADOO ONLINE AUCTION
84616,2008,FORD,ESCAPE HYBRID,COMPACT SUV - HYBRID,CEN,8200.00,,BIDADOO ONLINE AUCTION
90008,2009,CATERPILLAR,963,SOLID WASTE TRACK LOADER,SPU,52250.00,,MURPHYS AUCTION
6503,1993,CATERPILLAR,UNKNOWN,CRAWLER TRACTOR,SPU,42000.00,,MURPHYS AUCTION
54500,2005,CHEVROLET,ASTRO,CARGO MINIVAN,SPU,8400.00,,BIDADOO ONLINE AUCTION
23330,2002,CHEVROLET,EXPRESS,PASSENGER VAN,DPR,7250.00,,MURPHYS AUCTION
15330,2001,CHEVROLET,EXPRESS,VAN CARGO,SFD,5500.00,,MURPHYS AUCTION
23323,2002,CHEVROLET,EXPRESS,CARGO VAN,DPR,6500.00,,BIDADOO ONLINE AUCTION
03039,2000,CHEVROLET,G3500,CARGO VAN - PLUMBER,FAS,7065.00,,BIDADOO ONLINE AUCTION
03180,2000,CHEVROLET,G3500,CARGO VAN - PLUMBER WITH CRANE,FAS,6000.00,,MURPHYS AUCTION
23548,2002,CHEVROLET,TRACKER,COMPACT SUV - 4X4,SPU,6250.00,,MURPHYS AUCTION
15925,2001,VALLEY TRUCK,TRAILER,TRAILER - TILT DECK - 9000 LB GVWR,DPR,2381.00,,BIDADOO ONLINE AUCTION
53524,2005,DODGE,CARAVAN,CARGO MINIVAN,SPU,3100.00,,MURPHYS AUCTION
21271,2002,DODGE,NEON,SUBCOMPACT SEDAN,SPU,3900.00,,MURPHYS AUCTION
21307,2002,DODGE,NEON,SUBCOMPACT SEDAN,DPR,3400.00,,BIDADOO ONLINE AUCTION
12412,2001,PLYMOUTH,NEON,SUBCOMPACT SEDAN,DPD,4500.00,,MURPHYS AUCTION
99239,2009,FORD,CROWN VICTORIA,PATROL CAR,SPD,270.00,,MURPHYS AUCTION
89128,2008,FORD,CROWN VICTORIA,PATROL CAR,SPD,1707.00,,BIDADOO ONLINE AUCTION
59808,2005,FORD,CROWN VICTORIA,PATROL CAR,SPD,460.00,,MURPHYS AUCTION
89126,2008,FORD,CROWN VICTORIA,PATROL CAR,SPD,1915.00,,BIDADOO ONLINE AUCTION
89123,2008,FORD,CROWN VICTORIA,PATROL CAR,SPD,800.00,,MURPHYS AUCTION
79959,2007,FORD,CROWN VICTORIA,PATROL CAR,SPD,850.00,,MURPHYS AUCTION
69887,2006,FORD,CROWN VICTORIA,PATROL CAR ACTIVE SPARE RESERVE,SPD,2005.00,,BIDADOO ONLINE AUCTION
79914,2007,FORD,CROWN VICTORIA,PATROL CAR - HALF SCREEN,SPD,2425.00,,BIDADOO ONLINE AUCTION
79924,2007,FORD,CROWN VICTORIA,PATROL CAR - SGT`S CAR,SPD,550.00,,MURPHYS AUCTION
89160,2008,FORD,CROWN VICTORIA,PATROL CAR,SPD,2450.00,,MURPHYS AUCTION
89151,2008,FORD,CROWN VICTORIA,PATROL CAR,SPD,1575.00,,BIDADOO ONLINE AUCTION
79984,2007,FORD,CROWN VICTORIA,PATROL CAR,SPD,1509.00,,BIDADOO ONLINE AUCTION
69882,2006,FORD,CROWN VICTORIA,PATROL CAR (FORMER) SPARE RESERVE,SPD,1000.00,,MURPHYS AUCTION
33321,2003,FORD,F250,PICKUP,DPR,6000.00,,MURPHYS AUCTION
33313,2003,FORD,F250,PICKUP,DPR,8100.00,,MURPHYS AUCTION
34633,2003,FORD,F250,PICKUP - DUMP BODY - 4X4,DPR,9000.00,,BIDADOO ONLINE AUCTION
43312,2004,FORD,F250,PICKUP - DUMP BODY,DPR,8400.00,,BIDADOO ONLINE AUCTION
43598,2004,FORD,F250,PICKUP,SDOT,7000.00,,BIDADOO ONLINE AUCTION
13782,2001,FORD,F250,PICKUP,DPR,6600.00,,MURPHYS AUCTION
31378,2011,FORD,F350,TRUCK 2WD CREW CAB,SDOT,4200.00,,MURPHYS AUCTION
56598,2006,FORD,F550,TRUCK - SERVICE BODY - CLASS 5,SPU,16000.00,,MURPHYS AUCTION
73032,2007,FORD,RANGER,COMPACT PICKUP,FAS,10250.00,,MURPHYS AUCTION
81723,1998,FORD,SUPER CLUB,PASSENGER VAN,DPR,3750.00,,MURPHYS AUCTION
13352,2001,GMC,SONOMA,COMPACT PICKUP,DPR,1727.00,,BIDADOO ONLINE AUCTION
23364,2002,GMC,SONOMA,COMPACT PICKUP,DPR,6100.00,,BIDADOO ONLINE AUCTION
13452,2001,GMC,SONOMA,COMPACT PICKUP,DPR,2850.00,,BIDADOO ONLINE AUCTION
13407,2001,GMC,SONOMA,COMPACT PICKUP,DPR,4651.00,,BIDADOO ONLINE AUCTION
13612,2001,GMC,SONOMA,COMPACT PICKUP,SDOT,5500.00,,BIDADOO ONLINE AUCTION
13403,2001,GMC,SONOMA,COMPACT PICKUP,DPR,2390.00,,BIDADOO ONLINE AUCTION
31268,2003,HONDA,CIVIC GX,SUBCOMPACT SEDAN - DEDICATED CNG,SFD,7400.00,,MURPHYS AUCTION
06575,2000,INGERSOLL RAND,P185WJDU,AIR COMPRESSOR - TRAILER MOUNTED,SPU,10500.00,,MURPHYS AUCTION
983676,1998,INTERNATIONAL,4700LP,TRUCK - FLATBED - CLASS 6,SDOT,13100.00,,BIDADOO ONLINE AUCTION
965408,1996,EMERGENCY ONE,PUMPER,FIRE PUMPER,SFD,5300.23,,BIDADOO ONLINE AUCTION
45675,2004,TORO,DINGO 320D,COMPACT UTILITY LOADER - TRENCHER,SDOT,4600.00,,MURPHYS AUCTION
18143,2001,KUBOTA,L35,TRACTOR - LOADER,DPR,13999.00,,BIDADOO ONLINE AUCTION
P1686,1994,NW CUSTOM,TT-12 UTILITY,TRAILER,DPR,2375.00,,BIDADOO ONLINE AUCTION
25891,2002,PETERBILT,330,TRUCK - DUMP - CLASS 7,DPR,32500.00,,MURPHYS AUCTION
25890,2002,PETERBILT,330,TRUCK - DUMP - CLASS 7,DPR,33000.00,,MURPHYS AUCTION
985717,1998,PETERBILT,320,TRUCK - EDUCTOR - VACTOR,SPU,45000.00,,MURPHYS AUCTION
78026,2007,TORO,4000-D,MOWER - 11` ROTARY,DPR,11700.00,,MURPHYS AUCTION
11852,2001,TOYOTA,PRIUS,COMPACT SEDAN - HYBRID,DPR,5660.99,,BIDADOO ONLINE AUCTION
52084,2005,TOYOTA,PRIUS,SEDAN COMPACT HYBRID,SFD,7500.00,,MURPHYS AUCTION
52147,2005,TOYOTA,PRIUS,COMPACT SEDAN - HYBRID,DPD,8500.00,,MURPHYS AUCTION
51848,2005,TOYOTA,PRIUS,COMPACT SEDAN - HYBRID,DPD,8500.00,,MURPHYS AUCTION
11053,2001,TOYOTA,PRIUS,COMPACT SEDAN - HYBRID,DPR,6000.00,,MURPHYS AUCTION
975760,1997,TRAILKING,503 DFP,TRAILER - LOWBOY - 100000 LB GVWR,SDOT,26100.00,,BIDADOO ONLINE AUCTION
985680,1998,TRAILMAX,7-12-UT,TRAILER - TILTDECK - 14500 LB GVWR,SDOT,4500.00,,MURPHYS AUCTION
41451,2004,JEEP,LIBERTY,SUV COMPACT,SPU,3750.00,,MURPHYS AUCTION
42906,2004,DODGE,STRATUS,MIDSIZE SEDAN,DPR,3000.00,,MURPHYS AUCTION
55758,2005,STERLING,SC8000,SWEEPER - MECHANICAL,SDOT,44101.00,,BIDADOO ONLINE AUCTION
55756,2005,STERLING,SC8000,SWEEPER - MECHANICAL,SDOT,44255.00,,BIDADOO ONLINE AUCTION
75744,2007,STERLING,SC8000,SWEEPER - REGENERATIVE AIR M6000,SDOT,47100.00,,BIDADOO ONLINE AUCTION
58122,2005,TORO,4700-D,MOWER - 11` ROTARY,DPR,11800.00,,BIDADOO ONLINE AUCTION
57145,2005,BOMAG,BW90AD-2,ROLLER - 1.5 TON DOUBLE DRUM,SDOT,19600.00,,BIDADOO ONLINE AUCTION
45651,2004,CASE,590M,BACKHOE LOADER - 15200 LB - BREAKER,SDOT,23700.00,,MURPHYS AUCTION
77428,2007,EZEE,TORQ2,ELECTRIC BICYCLE,FAS,600.00,,MURPHYS AUCTION
81998,2008,TORO,WORKMAN 4300,UTILITY VEHICLE 4 WHEEL,CEN,8988.00,,BIDADOO ONLINE AUCTION
68157,2006,KUBOTA,RTV900T6T2,UTILITY VEHICLE 4 WHEEL,DPR,2750.00,,MURPHYS AUCTION
23689,2002,FORD,F450,PICKUP DUMPING FLATBED PLOW CLASS 4,SDOT,15700.00,,MURPHYS AUCTION
23645,2002,FORD,F450,PICKUP - DUMP BODY - CLASS 4,SDOT,11000.00,,MURPHYS AUCTION
23651,2002,FORD,F450,PICKUP - DUMP BODY - CRANE - CLASS 4,SDOT,15859.00,,BIDADOO ONLINE AUCTION
993908,1999,FORD,F450,PICKUP - FLATBED - CRANE - CLASS 4,DPR,7500.00,,MURPHYS AUCTION
EG0002,1999,CATERPILLAR,963,SOLID WASTE CRAWLER LOADER,SPU,7500.00,,MURPHYS AUCTION
71990,2007,TORO,WORKMAN E2065,UTILITY VEHICLE - ELECTRIC,CEN,2200.00,,MURPHYS AUCTION
77304,2007,SEGWAY,I2,ELECTRIC PERSONAL MOBILITY DEVICE,SPD,785.00,,BIDADOO ONLINE AUCTION
77303,2007,SEGWAY,I2,ELECTRIC PERSONAL MOBILITY DEVICE,SPD,2393.00,,BIDADOO ONLINE AUCTION
77302,2007,SEGWAY,I2,ELECTRIC PERSONAL MOBILITY DEVICE,SPD,1325.00,,BIDADOO ONLINE AUCTION
